﻿DishName,Ingredients,Type,Cuisine
Pork bharta,"Boiled pork with onions, chillies, ginger and garlic from Mangalore",Non-Vegetarian,East
Chahou kheer,Purple rice porridge from Manipur,Vegetarian,East
Aloo gobi,"Cauliflower with potatoes sautéed with garam masala, turmeric, sometimes kalonji and curry leaves.",Vegetarian,North 
Aloo tikki,Patties of potato mixed with some vegetables fried,Vegetarian,North 
Aloo matar,Potatoes and peas in curry,Vegetarian,North 
Aloo methi,"Potato, fresh Methi leaves.",Vegetarian,North 
Aloo shimla mirch,"Green capsicum with potatoes sautéed with cumin seeds, onions, tomatoes, ginger-garlic paste, turmeric, red chilli powder and garam masala",Vegetarian,North 
Amriti with rabdi,A dessert,Vegetarian,North 
Amritsari fish,"Fried fish made with curry, ginger and garlic",Non-Vegetarian,North 
Amritsari kulcha,Type of bread,Vegetarian,North 
Baati,"Ghee (clarified butter), wheat flour",Vegetarian,North 
Bhatura,Bread. All-purpose flour,Vegetarian,North 
Bhindi masala,Okra sautéed with onions and tomatoes,Vegetarian,North 
Biryani,"Main or side dish. Mixed rice dish, optional spices, optional vegetables, meats or seafood. Can be served with plain yogurt.",Non-Vegetarian,North 
Butter chicken,Also known as murgh mahal,Non-Vegetarian,North 
Chaat,"Street food. Potato patty fried in oil, topped with sweet yogurt, and other sauces, spices",Vegetarian,North 
Chana masala,Chickpeas of the Chana type in tomato based sauce.,Vegetarian,North 
Chapati,Bread. Whole wheat flour,Vegetarian,North 
Chicken razala,Bhopali style chicken cooked in a rich gravy with mint,Non-Vegetarian,North 
Chicken Tikka,Chicken with spices served on a skewer,Non-Vegetarian,North 
Chicken Tikka masala,Chicken marinated in a Yogurt tomato sauce. Creamy texture.,Non-Vegetarian,North 
Chole bhature,"Main course. Chick peas, assorted spices, wheat flour and yeast for bhatura.",Vegetarian,North 
Daal baati churma,Rajasthani special,Vegetarian,North 
Daal puri,Stuffed dal in parathas,Vegetarian,North 
Dal makhani (kali dal),Main course. Lentil.,Vegetarian,North 
Dal,"Assorted types of lentils, such as toor, urad, chana, masoor dal",Vegetarian,North 
Dal fry with tadka,Typical north Indian tadka,Vegetarian,North 
Dum aloo,Potatoes cooked in curry,Vegetarian,North 
Poha,"Specialty from Madhya Pradesh. Common snack in central part of India. Flattended rice, potato, turmeric.",Vegetarian,North 
Fara,Stuffed Lentil Dumplings,Vegetarian,North 
French bean aloo,"Diced French beans with potatoes cooked with chopped onions, tomatoes sautéed with cumin seeds, green chillies and garam masala",Vegetarian,North 
Gajar ka halwa,"A sweet dish native to U.P. / Punjab. Carrot, Milk, Ghee, Cashew.",Vegetarian,North 
Gajar matar aloo,"Diced red/orange carrots and potatoes sautéed with black mustard leaves, garnished with ground black pepper powder and lemon juice",Vegetarian,North 
Gobhi matar,Cauliflower in a tomato sauce,Vegetarian,North 
Imarti,A spherically meshed sweet dish from North India made up of batter from moong dal dipped in sugary syrup,Vegetarian,North 
Hari mutter ka nimona (green peas daal),Typical north Indian tadka,Vegetarian,North 
Jalebi,A North Indian twisted noodle like sweet dish dipped in sugary syrup,Vegetarian,North 
Jaleba,Bigger form of jalebi,Vegetarian,North 
Kachori,Rajasthani / Marwari special,Vegetarian,North 
Kadai paneer,Paneer and green peppers in tomato gravy,Vegetarian,North 
Kadhi pakoda,Gram flour with yogurt with gramflour fried balls,Vegetarian,North 
Karela bharta,Bitter gourd/melon,Vegetarian,North 
Katha meetha petha / halwakadoo,Pumpkin cooked in spices,Vegetarian,North 
Kheer,Rice cooked with milk and dry fruits,Vegetarian,North 
Khichdi,Rice cooked with daal and veggies and sauteed,Vegetarian,North 
Kofta,"Gram flour balls fried with vegetables. Gram flour, veggies, rolled into balls with gram flour and fried in oil and then cooked with curry.",Vegetarian,North 
Kulfi falooda,A dessert to ward off sweltering heat of summers,Vegetarian,North 
Lauki ke kofte,Bottle gourd,Vegetarian,North 
Lauki ki subji,Bottle gourd,Vegetarian,North 
Litti chokha,A baked salted wheat flour cake filled with sattu (baked chickpea flour) and some special spices,Vegetarian,North 
"Makki di roti, sarson da saag","Creamed sarson (mustard) leaves, with heavily buttered roti made from corn flour. Punjabi winter favorite.",Vegetarian,North 
Mathura ke pede,Sort of a confection,Vegetarian,North 
"Methi saag, chaulai saab",Veggie leaves sauteed in oil and garlic with little masalas. Cooked mostly in central part of India.,Vegetarian,North 
Misi roti,"Whole wheat & gram flour dough ground masalas, pan fried",Vegetarian,North 
Mixed vegetable,"As it sounds, slow cooked with a tomato sauce added.",Vegetarian,North 
Moong dal ka halwa,"Made with yellow lentils, milk, sugar and, nuts",Sweet,North 
Mushroom do pyaza,Mushrooms & Onions in a tomato masala sauce spiced with chilles,Vegetarian,North 
Mushroom matar,Mushrooms and sweet peas in a masala/chili sauce,Vegetarian,North 
Naan Roti,Tandoor-baked soft flatbread. Refined wheat flour.,Vegetarian,North 
Navrattan korma,"Vegetables, Nuts, Paneer Cheese in a tomato cream sauce",Vegetarian,North 
Pakhala,Cooked rice with water,Vegetarian,North 
Palak paneer,Paneer cubes in spinach gravy,Vegetarian,North 
Paneer butter masala,"Anything ""Paneer"" is made with an Indian Cheese. Paneer is substituted for meat in Vegetarian dishes",Vegetarian,North 
Paneer tikka masala,Ditto as above,Vegetarian,North 
Pani puri,Typical Indian tadka,Vegetarian,North 
Panjeeri,A mixture of butter dried fruits and whole wheat flour served as a dessert.,Vegetarian,North 
Papad,"A crispy add on to Lunch and Dinner, for adding a spicy and crunchier taste to food.",Vegetarian,North 
Paratha,"Bread. Wheat flour. Can be stuffed. Common stuffings: potato mixture, paneer, muli(white radish).",Vegetarian,North 
Pattor,A flour based snack,Vegetarian,North 
Phirni,Rice Pudding,Vegetarian,North 
Pindi chana,"Anything ""Chana"" has as its base chickpeas.",Vegetarian,North 
Pinni,An almond based dessert,Vegetarian,North 
Rajma chaval,Bean curry with rice,Vegetarian,North 
Rajma,Main. Kidney beans & assorted spices.,Vegetarian,North 
Ramatori subji,Spicy side dish made with any two vegetables i.e. potatoes and cabbage,Vegetarian,North 
Rongi,"Black eyes peas, onions and tomatoes in a curry sauce",Vegetarian,North 
Samosa,"Normally served as an entree or appetiser. Potatoes, onions, peas, coriander, and lentils, may be served with a mint or tamarind sauce",Vegetarian,North 
Samose,Typical north Indian tadka,Vegetarian,North 
Sattu ki roti,Dish from Bihar,Vegetarian,North 
Shahi paneer,"A popular Indian, as well as Punjabi and Nepalese dish, made with paneer in a thick cream and tomato gravy and spices",Vegetarian,North 
Shahi tukra,"Bread pudding in a rich sauce of thickened milk, garnished with sliced almonds",Vegetarian,North 
Singhada halwa,Lotus fruit dried and powdered to make this fasting sweet meat,Vegetarian,North 
Sooji halwa,"Semolina cooked with clarified butter and dry fruits. Semolina (Suji), clarified butter, cashew nuts.",Vegetarian,North 
Sweet pethas / kesar petha / pista petha,A ravioli like dessert stuffed with a choice of fillings and equally popular in various parts of India and Pakistan,Vegetarian,North 
Vegetable jalfrezi,Meat and spices fried in a pan. Can be vegetarian as well.,Vegetarian,North 
Tandoori Chicken,Tandoori chicken as a dish originated in the Punjab before the independence of India and Pakistan.,Non-Vegetarian,North 
Tandoori Fish Tikka,Fish marinated in lime and ginger and cooked over an open fire.,Non-Vegetarian,North 
Attu,"Several types are made with several type of flours including rice flour, urad dal,semolina and wheat flour. This is the name of it in Andhra Pradesh which is also called Dosa. Attu is coarse than Dosa.",Vegetarian,South
Avial (Tamil Nadu),"Coconut paste, curd mixed with vegetables and some spices.",Vegetarian,South
Halwa,Maida or Sugarcane fritters which are known as Halwa in South India India and,Vegetarian,South
Biryani,Spicy rice dish with vegetables ,Vegetarian,South
Biryani,Spicy rice dish with chicken or mutton or fish or prawns.,Non-Vegetarian,South
Bisi bele bath(Karnataka),Rice preparation with vegetables.,Vegetarian,South
Bonda,"Snack. Potatoes, gram flour.",Vegetarian,South
Chettinadu Chicken,Dish made chicken and spices,Non-Vegetarian,South
Chicken 65,"Popular deep fried chicken preparation. Chicken, onion, ginger",Non-Vegetarian,South
Currivepillai sadam (Tamil Nadu),"Curry leaves, rice",Vegetarian,South
Dibba rotti,"It is a breakfast item made in Andhra pradesh and is also called Minaparotti. Made with rice, urad dal. Tastes good with a chutney.",Vegetarian,South
Dosa,"Pancake/Hopper. Ground rice, urad dal",Vegetarian,South
Double ka meetha,Bread crumbs fried in ghee and dipped in milk and sugar syrup,Sweet,South
Goli bajje,Snack. Gram flour.,Vegetarian,South
Idiappam(Tamil Nadu),Steamed rice noodles / vermicelli. Ground rice,Vegetarian,South
Idli,"Steamed cake of fermented rice and pulse flour. Rice, urad dal",Vegetarian,South
Indian omelette,Egg omelette or veg omelette,Vegetarian,South
Kaara kozhambu(Tamil Nadu),Dish used with rice made of chilli powder and tamarind,Vegetarian,South
Kanji,Rice porridge,Vegetarian,South
Keerai kootu(Tamil Nadu),Green leaves kootu,Vegetarian,South
Keerai masiyal,Ground green leaves used as a side dish for rice or mixed with rice.,Vegetarian,South
Keerai poriyal,Green leaves mixed with daal and coconut with little oil,Vegetarian,South
Keerai sadam(Tamil Nadu),Rice and green leaves,Vegetarian,South
Kerala_Beef_Fry,"Beef, onions, spices, coconut, curry leaves",Non-vegetarian,South
Koottu,"Vegetable, daal or lentil mixture boiled in water",Vegetarian,South
Kos kootu,Cabbage and lentil dish used for rice,Vegetarian,South
Koshambri,A cucumber salad dish popular in Karnataka. Prepared during festivals.,Vegetarian,South
Kothamali sadam,Coriander rice,Vegetarian,South
Kuzhakkattai,"Dumplings. Rice flour, jaggery, coconut",Vegetarian,South
Kuzhambu,Thick soup with coconut and vegetables,Vegetarian,South
Masala Dosa,Dosa with masala and potato.,Vegetarian,South
Nandu omelette,Omelette with pieces of crab and spices,Non-Vegetarian,South
"Obbattu (holige, bobbattu, pooran-poli)",A stuffed (moong gram dal and jaggery or coconut poornam) paratha. Dish native to South and West India in the states of |-,Vegetarian,South
Olan (dish),"Light and subtle-flavored Kerala dish prepared from white gourd, ash-gourd or black-eyed peas, coconut milk and ginger seasoned with coconut oil.",Vegetarian,South
Pachadi,"Side dish made with yoghurt, coconut, ginger and curry leaves and seasoned with mustard.",Vegetarian,South
Paniyaram,Dish made of rice flour and black gram,Vegetarian,South
Papadum,Thin deep fried disk served as meal accompaniment,Vegetarian,South
Paravannam,"A delicious sweet dish made with Rice, jaggery made in Andhra pradesh.",Vegetarian,South
Parotta (Kerala),Layered kerala parotta made with maida and dalda.,Vegetarian,South
Paruppu sadam,Daal rice,Vegetarian,South
Payasam,"Rice dessert. Rice, milk.",Vegetarian,South
Pesarattu,"Dosa (pancake or crepe) of Andhra Pradesh made from moong dal (lentils), grains and spice batter.",Vegetarian,South
Pongal,Pulao,Vegetarian,South
Poriyal,"Side dish for rice prepared from one or more vegetables. Oil stirred, with daal half boiled and coconut / mustard seeds.",Vegetarian,South
Puli sadam,Tamarind rice,Vegetarian,South
Puttu,Ground rice,Vegetarian,South
Ragi mudhe,"A lump of finger millet, flour and Water. After cooking the little balls can be dipped in Chutney",Vegetarian,South
Rasam (dish),"A spicy and sour soup usually made with tamarind, tomatoes, pepper and other south Indian spices. Usually eaten with rice.",Vegetarian,South
Sajjige,Sweet dish,Sweet,South
Sakkara pongal,Sweet rice dish,Sweet,South
Sambar,"Lentil soup cooked with vegetables and a blend of south Indian spices (masala). Usually taken with rice, idli, dosa, pongal or upma.",Vegetarian,South
Sandige(Karnataka),"Deep fried meal accompaniment made with rice, sago and ash gourd",Vegetarian,South
Sevai,Kind of rice vermicelli used for breakfast,Vegetarian,South
Sevai lunch,Kind of rice vermicelli mixed with either tamarind or lemon or coconut.,Vegetarian,South
"Thayir sadam, mosaranna",Curd rice,Vegetarian,South
Theeyal,"Kerala sauce made from a mixture of spices consisting of roasted coconut, coriander seeds, tamarind water, dried red chili and fenugreek.",Vegetarian,South
Thengai sadam,Coconut rice,Vegetarian,South
Uttapam,Rice pancake/hopper with a topping of onions / tomatoes / coconut,Vegetarian,South
Vada,Savory donut. Urad dal.,Vegetarian,South
Varuval,Vegetables fried in shallow oil,Vegetarian,South
Wheat upma,A breakfast dish and snack. Upma prepared from wheat dhalia rava.,Vegetarian,South
"Yelumincham sadam, chitranna","Rice, lemon juice",Vegetarian,South
Amti,Lentil curry. Split lentil.,Vegetarian,West
Zunka or Pitla,"A dish made of besan (gram flour) with minced onion, green chilles,and coriander (cilantro) . Usually eaten with bhakri or chapati.",Vegetarian,West
Kolim / Jawla,A preparation of dried fish named Kolim or Jawla found in coastal Maharashtra with onion and spices. Usually eaten with bhakri or chapati,Non-Vegetarian,West
Saath,A chewy plain flat circular sweet made of dried mango (sometimes jackfruit) juice/pulp.,Vegetarian,West
Naralachi vadi / Khobryachi vadi / Coconut vadi,A sweet made of coconut and sugar syrup which is cooled and dried till it becomes firm. Usually made in konkan region,Vegetarian,West
Bajri no rotlo,Bread made with thick millet flour flatbread usually grilled over coals.,Vegetarian,West
Modak,A maharashtrian sweet dish made of steamed rice flour with coconut and jaggery filling,Vegetarian,West
Barfi,Sweet,Sweet,West
Basundi,Sweet made from milk by continuous heating to a point before condensing.,Sweet,West
Bhakri,"Whole wheat flour bread, thicker than rotli, crispy.",Vegetarian,West
Karanji,A crispy sweet dish from Maharashtra,Sweet,West
Bombil fry,Main Course; Bombay Duck (Fish).,Non-Vegetarian,West
Chaat,Snack,Vegetarian,West
Chakri (chakali),Savoury snack. Mixed grain flour.,Vegetarian,West
Chevdo,"Mixture. Flattened rice, groundnut, chana, masala.",Vegetarian,West
Cholafali,Snack,Vegetarian,West
Chorafali,"Spicy. Ground charudala, masala, sprinkle with red chili powder on top.",Vegetarian,West
Copra paak,"Sweet coconut halwa/barfi: Halwa is soft, barfi more like cake.",Sweet,West
Daal Dhokli,Daal Dhokli is widely cooked and eaten all over Rajasthan and Gujarat. Very small dumplings of wheat flour are cooked along with green gram and whole red chili and red mustard is used as tempering.,Vegetarian,West
Dabeli,"Snack made by mixing boiled potatoes with a special dabeli masala, putting the mixture in a ladi pav",Vegetarian,West
Dahi vada,"Fried lentil balls in a yogurt sauce. Lentils, yogurt.",Vegetarian,West
Dalithoy,Soup made with split yellow lentils.,Vegetarian,West
Dhokla,Lentil snack. Gram.,Vegetarian,West
Doodhpak,A milk-based sweet dessert with nuts,Sweet,West
Dudhi no halwo,Sweet. Bottle gourd halwa,Sweet,West
Dum aaloo,"Main dish. Potatoes deep fry, yogurt, coriander powder, ginger powder.",Vegetarian,West
Pohe,Snack. Flattened rice,Vegetarian,West
Gajar halwo,Sweet. Carrot Halwa,Sweet,West
Gatta curry,Curry. Steamed dumplings made from chickpea flour cooked in a spiced yoghurt sauce.,Vegetarian,West
Ghari (sweet from Surat),Sweet,Sweet,West
Ghooghra,Sweet,Sweet,West
Gud papdi (Gol papdi),Sweet,Sweet,West
Gulab jamun,Sweet,Sweet,West
Halvasan,Sweet,Sweet,West
Handwo (steamed dish),Snack,Vegetarian,West
Gur,Sweet unrefined brown sugar sold in blocks[3].,Sweet,West
Jalebi,"Sweet maida & grained semolina flour, baking powder, curd, sugar.",Sweet,West
Jeera Aloo,Typical West Indian dish,Vegetarian,West
Juvar no rotlo,Thick sorghum flatbread.,Vegetarian,West
Kansar,Sweet,Vegetarian,West
Keri no ras,Sweet,Sweet,West
Khakhra,"Gujarati Snack. Wheat flour, methi.",Sweet,West
Khandvi,Snack. Besan.,Vegetarian,West
Kombdi vade,Chicken Curry with Bread. Chicken.,Non-Vegetarian,West
Koshimbir,Salad. Salad/side-dish.,Vegetarian,West
Laapsi,Sweet coarse ground/ broken wheat cooked with butter and sugar.,Sweet,West
Laddu,Sweet,Sweet,West
Locha,"Surat (Gujarat) special Spicy dish. Ground chanadal, masala.",Vegetarian,West
Malpua,Sweet,Sweet,West
Methi na Gota,Snack. Fried fenugreek dumplings.,Vegetarian,West
Modak,"Sweet coconut dumplings. Rice flour, coconut.",Sweet,West
Mohanthal,a sweet prepared from gram flour and ghee dry fruits,Sweet,West
Muthiya,"Gujarati Snack. Whole wheat flour, methi leaves, besan/chickpeas flour and coriander leaves/cilantro.",Vegetarian,West
Oondees,Breakfast delicacy. Spherical shaped rice or semolina about four inches (10 cm) in diameter.,Vegetarian,West
Panipuri,"Puri, water, tamarind, mintleaves, aloo, chana, salt",Vegetarian,West
Patra,"Snack. Taro leaves, coconut, seeds, dal.",Vegetarian,West
Pav Bhaji,"Mixed curry of onion, capsicum, peas, cauliflower potatoes.",Vegetarian,West
Penda,Sweet,Sweet,West
Pooran-poli,"Sweet stuffed bread. Wheat flour, gram.",Vegetarian,West
Puri,Bread. Wheat flour.,Vegetarian,West
Puri Bhaji,Breakfast or Snack,Vegetarian,West
Rasya muthia,Snack. A spicy yogurt dumpling soup.,Vegetarian,West
Sabudana Khichadi,Vegetarian Snack. Sago.,Vegetarian,West
Sev khamani,"Snack. Chana dal, green chillies, ginger, lemon juice and olive oil.",Vegetarian,West
Sev tameta,Veggie. Potatoes and sev.,Vegetarian,West
Shakarpara,Snack. A deep fried snack made out of sugar and wheat.,Vegetarian,West
Namakpara,Snack. A deep fried snack made out of salt and Gram Flour .,Vegetarian,West
Shankarpali,"Sweet or savoury snack. Plain flour, sugar.",Sweet,West
Shiro,"Sweet roasted semolina/flour/dal with milk, butter, sugar, nuts and raisins.",Sweet,West
Shrikhand,"A thick yogurt-based sweet dessert garnished with ground nuts, cardamom, and saffron.",Sweet,West
Sohan papdi,Sweet,Sweet,West
Soonvali,Snack,Vegetarian,West
Sukhdi,Sweet,Sweet,West
Surnoli,Pancakes that have holes. are yellow and puffy. They are about 10 inches (25 centimeters) in diameter and often served with butter.,Vegetarian,West
Sutarfeni,Sweet,Sweet,West
Thalipeeth,Savoury pancake. Mixed grain flour.,Vegetarian,West
Undhiyu,"Mix veggi. Plantain, brinjal, carrot, green chillies, potatoes, fresh coconut and other vegetables. Gujarati food.",Vegetarian,West
Upmaa,Vegetarian snack. Semolina.,Vegetarian,West
Vada pav,"Burger. Gram flour, potatoes, chilli, garlic, ginger.",Vegetarian,West
Veg Kolhapuri,Mixed vegetables.,Vegetarian,West
Vindaloo,"Goan pork vindaloo. Pork, goan red chilli paste.",Non-Vegetarian,West
Ghebar or Ghevar,Sweet from Surat,Sweet,West
Lilva Kachori,Snack. Lilva and whole wheat flour.,Vegetarian,West
Undhiyu,"The signature winter Gujarati dish. Curry of mixed vegetables like surti papdi, ratalu, potatoes, carrot, green garlic, tuvar dana, waal dana etc. rich in oil and spices generally accompanied by puri or roti.",Vegetarian,West
Mag Dhokli,"Indian form of lasagna, made of lentils and fresh dough with Indian spices, it is dry and not liquidy like daal dhokli.",Vegetarian,West
Khichu,"It is made by boiling the rice flour in water with seasoning, subtle in taste and accompanied by oil and methi masala.",Vegetarian,West
Thepla,"A signature Gujarati snack which is a parantha with seasoning, made from wheat flour, this dish is generally accompanied by condiments like pickles, green chillies, etc. It is also known as Dhebra, Chopda etc. in various regions.",Vegetarian,West
Farsi Puri,"It is a Gujarati snack which is also known as mathri in other regions of India, it generally made from wheat flour, all purpose flour etc.",Vegetarian,West
Khaman,Made by steaming gram flour batter with flavorful seasoning accompanied with chutney.,Vegetarian,West
Turiya Patra Vatana sabji,A vegetable curry made generally in winters.,Vegetarian,West
Mohan thaal,A sweet dish.,Sweet,West
Churma Ladoo,"A sweet dish made with wheat flour, ghee, sugar or jaggery and dry fruits.",Sweet,West
Cheera Doi,Breakfast cereal.,Vegetarian,East
Dhup Pitha,A sweet Assamese specialty,Sweet,East
Gheela Pitha,Sweet Assamese specialty,Sweet,East
Hurum,Breakfast cereal; an Assamese specialty,Vegetarian,East
Khar,"Assamese specialty side dish: papaya, banana, soda",Vegetarian,East
Kumol Sawul,Breakfast cereal; an Assamese specialty. Soft rice with cream & jaggery.,Vegetarian,East
Loskora (Coconut Laddu),Sweet,Sweet,East
Luchi,"Puffed bread, fried in oil, made from flour. A Bengali specialty",Vegetarian,East
Malpua/Malpoa,Sweet Snacks. Specially in Odisha .,Sweet,East
Momo,"Originally from Tibet, it is a popular snack/ food item in India.",Vegetarian,East
Muri Naaru,Sweet Bengali specialty.,Sweet,East
Pani Tenga,Pickle made from mustard.,Vegetarian,East
Sunga Pitha,Sweet Assamese specialty,Sweet,East
Alu Pitika,Dish made of mashed potato.,Vegetarian,East
Masor tenga,An Assamese fish stew cooked with any of a variety of sour fruits including tomatoes.[3],Sweet,East
Bengena Pitika,Dish made of mashed brinjal.,Vegetarian,East
Bilahi Maas,Fish curry cooked with tomatoes.,Vegetarian,East
Black rice,Special local variety of rice,Vegetarian,East
Bora Sawul,"Breakfast cereal; an Assamese specialty. Sticky rice, sugar or jaggery.",Vegetarian,East
Brown Rice,Special local variety of rice.,Vegetarian,East
Chhenagaja,"Odia Dessert. Cottage cheese, flour, sugar syrup.",Sweet,East
Chhenapoda,"Dessert. Cottage cheese, flour, sugar syrup. Oriya Specialty.",Sweet,East
Chingri malai curry,"Curry. Prawn, coconut, mustard, steamed. Traditional Bengali Dish.",Non-Vegetarian,East
Dal,Lentils.,Vegetarian,East
Goja,Sweet. Bengali Specialty,Sweet,East
Hando Guri,Breakfast cereal; an Assamese specialty,Vegetarian,East
Haq Maas,Fish curry cooked with leafy green vegetables.,Non-Vegetarian,East
Horioh Maas,Golden Mustard Fish Curry.,Non-Vegetarian,East
Ilish or Chingri Bhape,"Curry. Ilish (Hilsha fish) or prawn, coconut, mustard, steamed. Traditional Bengali Dish.",Non-Vegetarian,East
Kabiraji,A popular non-vegetarian Indian dish in eastern India prepared using chicken and fish,Non-Vegetarian,East
Kharoli,Pickle made from mustard; an Assamese specialty,Vegetarian,East
Khorisa,Pickle made from bamboo shoot; an Assamese specialty,Vegetarian,East
Koldil Chicken,Chicken cooked with banana flower; an Assamese specialty,Non-Vegetarian,East
Koldil Duck,Duck meat cooked with banana flower; an Assamese specialty,Non-Vegetarian,East
Konir Dom,Egg curry.,Non-Vegetarian,East
Lai Haq Maas,Fish Curry with herbs & lemon.,Non-Vegetarian,East
Litti,Balls of wheat and sattu baked in oven and served with mashed potatoes (chokha),Vegetarian,East
Maasor Tenga,Tomato Fish Curry.,Non-Vegetarian,East
Machher Jhol,"Curry. Fish, various spices.",Vegetarian,East
Masor Koni,Fish delicacy.,Non-Vegetarian,East
Masor Petu,Fish delicacy.,Non-Vegetarian,East
Mishti Chholar Dal,"Curry. Bengal gram, coconut, sugar. Bengali Specialty.",Vegetarian,East
Mishti Doi,"Dessert. Curd, sugar syrup and /or jaggery. Bengali Sweet curd.",Sweet,East
Ou tenga Maas,Fish curry cooked with elephant apple.,Non-Vegetarian,East
Pakhala,"Odia Dish with Rice. Fermented rice, yoghurt, salt, seasonings.",Non-Vegetarian,East
Bhaji,Fried Vegetables.,Non-Vegetarian,East
Pani Pitha,Sweet Assamese specialty,Sweet,East
Pantua,Assamese sweet similar to Gulab Jamun,Sweet,East
Payokh,Dessert,Sweet,East
Peda,Sweet,Sweet,East
Prawn malai curry,"Curry. Prawns, coconut cream, crushed mustard seed, red chillies. Bengali dish.",Non-Vegetarian,East
Red Rice,Special local variety of rice.,Vegetarian,East
Rice,Rice,Vegetarian,East
Rosgulla,"Dessert. Cottage cheese, flour and sugar syrup. Signature Bengali condiment, originating in Bengal with GI",Sweet,East
Sabzi (curry),Different green or other vegetables.,Vegetarian,East
Shondesh,"Dessert. Milk, sugar. Signature Bengali Dish",Sweet,East
Shukto,"A Bengali cuisine. Diced potaotes, sweet potatoes, broad beans, eggplant, drumsticks, raw bananas, radish cooked together and sautéed with mustard seeds. This culinary cooked in mustard oil and sometimes shredded coconut can also be used.",Vegetarian,East
Sunga Pork,Rich spicy pork curry,Non-Vegetarian,East
Tenga Doi,Sour curd,Vegetarian,East
Til Pitha,"Sweet Assamese specialty. Rice powder, til, jaggery.",Sweet,East
